{
  "containers": {
    "21eb6faa-fb0d-4784-95de-f1bc809bcd09": {
      "container_id": "21eb6faa-fb0d-4784-95de-f1bc809bcd09",
      "selector": "#main-content",
      "page_url": "https://example.com",
      "operation": "monitor",
      "parent_id": null,
      "children": [],
      "metadata": {
        "created_at": "2025-12-08T19:20:45.116626",
        "last_updated": "2025-12-08T19:20:45.116630",
        "last_accessed": null,
        "access_count": 0,
        "status": "active"
      }
    }
  },
  "root_containers": [
    "21eb6faa-fb0d-4784-95de-f1bc809bcd09"
  ],
  "last_updated": "2025-12-08T19:20:45.116633"
}